massage,output
free intraday calls ,1
free free trading software,1
buy trading course at very cheap price,1
hurry up only few seats left for webiner,1
gold membership only for 1500,1
our calls never get worng,1
book your seat for online webiner,1
open trading account for free and with zero percent brokerage ,1
sure sort calls for intraday,1
secert for trading,1
golden rules of trading ,1
zero brokerage on every order,1
earn free money daily,1
earn 10k daily with our call,1
free calls for intraday,1
join premium telegram group for free,1
trade executed at NSE,0
trade executed at BSE,0
margin report for today,0
alert has triggered,0
contract note for today,0
NSE awareness alert,0
funds balance,0
funds added successfully,0
application for new segment is completed,0
application for new segment is successfully processed,0
request for funds withdraw is processed successfully,0
request for new segment is processed successfully,0
details for funds balance,0
documents received for new segment activation,0
alert has triggered,0
alert has triggered,0
your price is triggered,0
trade executed at NSE,0
executed trade ,0
trade of today,0
contract note for today trade,0
your contract note,0
margin report for tardes,0
today margin report,0
contract note ,0
trade executed a NSE,0
total trade executed today,0
